Interview Id,Status
702127796635,Consider
613490569071,May Consider
759998772623,May Consider
391760082113,Not Consider
941599210196,Not Consider
378921015301,Not Consider
187779297703,Not Consider
832859286713,May Consider
163655844401,Not Consider
894723739575,May Consider
958255519784,Consider
73797860075,Not Consider
499891782173,Consider
631172369237,May Consider
495072967437,Not Consider
143010516133,Consider
700345409616,Consider
804154320555,May Consider
421394028028,Consider
341890418095,Consider
806838029670,Consider
260574627617,Consider
98477277587,Not Consider
996322390520,Consider
926400011023,Consider
96056703183,Consider
735611801889,May Consider
868934048502,Consider
818071127052,May Consider
915737046498,Consider
345728750490,May Consider
301553504346,Consider
479995805628,May Consider
880396519526,May Consider
622770653095,May Consider
841932224042,Consider
303615942580,Not Consider
67866002767,May Consider
24906649088,Not Consider
449612583651,Not Consider
647897156686,May Consider
223589044543,May Consider
961939257504,May Consider
372889081985,May Consider
878907228293,Consider
674420455679,May Consider
5757017431,Consider
442133621506,Consider
18697832840,May Consider
36184083582,Consider
469443934524,Not Consider
834324304031,Consider
152324134300,Consider
358208995999,Not Consider
533665648562,Consider
329438569831,Consider
652968957645,May Consider
517008317904,Not Consider
338209164058,May Consider
701441185038,Not Consider
102521781123,Consider
996460231973,May Consider
102061258247,Consider
164918249936,May Consider
508594787692,Consider
673296397415,May Consider
387168659340,May Consider
732978376019,Consider
48841745062,Consider
864397505172,May Consider
79029997732,Consider
932862997294,Consider
109577967532,Consider
686342118202,May Consider
521528741670,Not Consider
572777295590,Not Consider
828082212542,Not Consider
727849171334,Consider
513922740448,Consider
156774470339,Consider
696594974558,May Consider
142200698366,Not Consider
554664842868,Consider
104095821969,Not Consider
40909218845,Consider
529425953334,May Consider
799736253486,Not Consider
145189341558,Consider
347583662808,Consider
396973899562,May Consider
692432546188,Consider
138700177752,Consider
481190524398,Not Consider
562796281044,Not Consider
117049517420,May Consider
82046710476,Consider
806643402772,May Consider
596208493631,Not Consider
230674594993,Consider
272765522728,May Consider
111532716995,Consider
279591117750,Not Consider
835296566050,Not Consider
418630113246,May Consider
9529823033,Not Consider
117940157001,May Consider
266704810546,Not Consider
991617129680,Consider
198303502928,Consider
123469344363,Consider
297156819079,May Consider
274115513976,Consider
544024792389,Consider
458913284813,Consider
475550296089,Consider
355343068228,Consider
469419946742,May Consider
35875178724,Not Consider
661844584777,May Consider
801756428171,Not Consider
533463178885,Consider
833508695676,Not Consider
251733323017,Not Consider
847309653268,May Consider
408184108517,Consider
528018559690,May Consider
733078534263,May Consider
727737690061,Not Consider
681697747120,Not Consider
4909666856,Consider
767373881454,Not Consider
217611112039,Consider
46447277967,Consider
463610055261,Not Consider
947512727621,May Consider
519728634248,Consider
467783126764,Not Consider
118038382560,May Consider
747394387899,Not Consider
403484450722,Consider
870384157413,May Consider
946881440486,Not Consider
949410164834,Consider
892167598304,Not Consider
728660325397,Consider
553793421391,Not Consider
12607599303,Consider
858721041636,May Consider
702157991739,May Consider
960422960526,Consider
427340508807,Consider
605308285778,May Consider
118123009182,May Consider
74119866444,Not Consider
91469114477,Not Consider
874105815089,Consider
670758258167,Consider
647369013217,Consider
138682767205,May Consider
765059784502,Consider
180346674310,May Consider
777443163292,Consider
451275772967,May Consider
720915867526,May Consider
635291787303,Consider
382463110029,May Consider
297714409002,Not Consider
80651338448,Not Consider
26262297814,May Consider
633997869777,Consider
149590892723,Consider
699509049648,May Consider
674008905927,Consider
26533305878,Not Consider
753068335780,Not Consider
787152811187,Not Consider
851055076576,Consider
620582966727,Consider
956678021755,Consider
425034398296,May Consider
502345584752,May Consider
8909932731,May Consider
630338595070,Not Consider
189882676828,Consider
781070327438,May Consider
724274359425,May Consider
249724152576,May Consider
932295281258,May Consider
933262980452,May Consider
132315955714,Consider
365616382434,May Consider
37734260430,May Consider
788407105077,May Consider
334626425221,May Consider
229633664824,Consider
431796634505,May Consider
743165586146,Consider
244762270968,Consider
305737376043,Not Consider
182451758264,Consider
661481141158,Not Consider
793893348870,Consider
261174429163,May Consider
799007511180,May Consider
556679342392,Consider
172978152215,Not Consider
301021779090,Consider
230887214421,May Consider
269838205339,May Consider
124801899827,Consider
387257226096,May Consider
128870344200,Consider
613570602515,May Consider
561908964079,Consider
966288404364,May Consider
147269648867,May Consider
611499439467,Consider
205406624035,May Consider
318129562596,Consider
937587851240,May Consider
531087818381,Not Consider
514811833443,Consider
535923721830,Consider
12517744411,May Consider
381119325971,May Consider
910558933086,May Consider
446265464901,May Consider
843719125497,May Consider
425006505199,Consider
178480703976,May Consider
488787538838,Not Consider
397627131207,Not Consider
47238162151,Consider
989520996237,Not Consider
687732233498,Consider
810616071978,Not Consider
2659314190,Consider
668132143105,May Consider
368736181625,May Consider
58163758231,Not Consider
676909947247,Consider
699256119321,Consider
200815448068,Consider
282231382552,Not Consider
491232077183,Not Consider
976482976396,Consider
476544765794,Consider
906894293499,Consider
995986935600,Not Consider
462926523477,Consider
282683692723,May Consider
794329351032,Consider
514607242201,Consider
761551081361,Consider
359009416989,May Consider
471585139300,May Consider
423342276850,May Consider
73129961896,May Consider
994873909319,Consider
893130818420,Not Consider
282036033469,Not Consider
157710497618,May Consider
271011290198,Consider
295001101096,Consider
67311914549,May Consider
209406258845,Not Consider
318378841708,Not Consider
443423348408,Consider
701920225942,May Consider
4532401484,Consider
36322779538,May Consider
984134990874,Not Consider
922636813958,Not Consider
289545246428,May Consider
889117903432,May Consider
658168094610,Not Consider
283985337138,May Consider
137942677246,Not Consider
982938132020,Consider
865699509075,Not Consider
756187055470,May Consider
924227086487,May Consider
614572417597,Consider
431634452193,Consider
943125940136,Consider
638227893956,May Consider
878708834799,Not Consider
454912380416,Consider
419748961294,May Consider
494526445657,Consider
722366762613,May Consider
808093709504,May Consider
68204729152,Consider
179420472156,May Consider
43065728644,Consider
194606557123,Consider
578156247948,Consider
621811741948,May Consider
41576543909,Consider
668103246840,Not Consider
469086347019,May Consider
874594707813,Not Consider
60608626901,Consider
171695995484,May Consider
91047035305,May Consider
549570476358,Not Consider
567545094311,Consider
964412088183,Not Consider
65187479340,Not Consider
261604430421,Consider
772344908412,Not Consider
768028901219,May Consider
536527101229,Consider
706692337312,Not Consider
610989460485,May Consider
89519420105,May Consider
428824068162,Consider
323794104118,Consider
470358318130,Not Consider
452659329543,Not Consider
615021577632,Consider
971740741232,May Consider
82177274958,Consider
206917114627,Not Consider
546637485231,Consider
690214022093,Consider
471689108638,May Consider
172568491527,May Consider
421595648355,May Consider
407744847211,Consider
710955589174,May Consider
628047669063,Not Consider
412380122777,Consider
409871365905,Not Consider
497206957462,Not Consider
48867032619,Not Consider
825025766690,Consider
487042344025,Not Consider
253413059658,May Consider
567008651813,Not Consider
314342532477,Consider
944548085453,Not Consider
531257756135,May Consider
335509567868,May Consider
441902601164,May Consider
75705099611,Consider
985956704288,May Consider
855035014956,May Consider
930702697206,May Consider
274716931624,Not Consider
87865564353,May Consider
847552478947,May Consider
944047085823,Not Consider
697078530024,May Consider
37584419588,Not Consider
446790519081,May Consider
596078858405,Consider
263086828341,May Consider
59271041225,May Consider
315986786507,Consider
687520537777,Consider
843965787090,May Consider
361134543109,May Consider
800499385339,Not Consider
352567459711,May Consider
670308953280,May Consider
572587475622,May Consider
376176559067,May Consider
901510419409,Consider
358988538191,Not Consider
394293748654,Not Consider
463949636212,Not Consider
648546906972,Consider
467374721441,May Consider
530355854261,Consider
146934828433,Consider
925372700558,May Consider
152654893482,Consider
711144491362,May Consider
448399262348,May Consider
798528936256,Consider
339236854562,Consider
760779903280,Consider
607267823029,May Consider
232112256521,Consider
778666484972,Not Consider
215033193558,Consider
222416401265,Not Consider
567338401745,May Consider
524184857231,May Consider
953422877214,Consider
227818975041,Not Consider
226582622247,May Consider
635995260211,Consider
673540604434,Consider
407684866469,Consider
491903103749,Consider
383506254050,Not Consider
806146725648,Consider
564043833139,May Consider
56686069213,Not Consider
817261719336,May Consider
646335308423,Not Consider
508806339420,Consider
803934595386,May Consider
345964528719,Consider
59075225201,Consider
768147165302,Consider
925855466878,May Consider
872945568005,Consider
106691912170,Consider
259130272330,Consider
66781416822,May Consider
121625290758,May Consider
341362578830,May Consider
226813659199,May Consider
645099170903,Consider
10960224397,Consider
307454966927,Not Consider
414643015396,May Consider
889735896765,May Consider
329561990722,May Consider
6547974865,Not Consider
781763154452,May Consider
412890169064,May Consider
501122324183,Consider
692229910405,Consider
77947059990,Consider
333075888150,Consider
933971927312,Consider
382278241083,Consider
240161866415,Consider
61180630165,May Consider
304047400859,May Consider
902582435087,Consider
884362172167,Not Consider
867122570267,May Consider
133234575038,May Consider
110179168176,Not Consider
131920975353,Consider
255823198669,May Consider
194003295126,May Consider
182027246668,Not Consider
632179017456,May Consider
998595557603,Not Consider
596442655466,May Consider
501657108921,Consider
920913437176,Consider
389680470902,Consider
895252060951,Consider
727587776064,Consider
189097163047,Consider
927546782932,Not Consider
191937928556,Consider
85412016019,Consider
127140695082,Consider
156703332457,Not Consider
1412138035,Not Consider
789707831041,May Consider
756878199894,Not Consider
848154089446,May Consider
602382432584,Consider
772443085325,Consider
66880215306,Not Consider
45260225952,Consider
697371640285,May Consider
571296579522,May Consider
826245565384,Consider
756655977103,May Consider
470896649973,Not Consider
314328353686,Consider
167845340092,May Consider
238997767999,May Consider
553284254353,Consider
226688081587,May Consider
404062189068,Consider
879708788175,Consider
972795901233,Consider
980559574590,May Consider
66388477906,Not Consider
663514628066,Consider
910178784098,Consider
511296665384,May Consider
344817117417,Consider
86447367389,Consider
957456019630,Consider
630713340848,Not Consider
943779131497,Consider
167129482987,Consider
626713887185,Not Consider
882749341602,Consider
868452634976,Consider
897530697696,Consider
54839750352,May Consider
607239948884,May Consider
808587746539,May Consider
74024550008,May Consider
206608957720,May Consider
104276395266,May Consider
596562806935,Consider
954453658832,Not Consider
391215083264,Not Consider
124651338938,Consider
682206918728,Consider
598045832497,May Consider
576282559585,May Consider
651141759277,Not Consider
688994997708,Consider
62406014829,Consider
808596493631,Not Consider
80888957532,May Consider
894540919724,Not Consider
855441305547,Not Consider
32229565526,Not Consider
470893943400,Not Consider
912885342715,May Consider
169960172509,Consider
732440977888,Not Consider
466653241621,Not Consider
946894953122,May Consider
464818451256,Consider
127668533324,Consider
898219219964,Consider
726159646006,May Consider
898868764974,Consider
82129285158,Consider
798475667608,Not Consider
649095495765,Consider
972602110160,Consider
517990094116,May Consider
775177966630,May Consider
707530762856,May Consider
487253177433,May Consider
868764477468,May Consider
251314788970,May Consider
487872725765,May Consider
592274274652,Consider
34537936355,Consider
77605636548,Not Consider
915023992145,Consider
259464762298,Consider
374818211895,May Consider
416457421768,Consider
433536355306,Consider
995676723818,Consider
506253674573,May Consider
598459517008,Consider
5061336479,Not Consider
985899316977,Not Consider
60156795648,May Consider
860506304911,May Consider
641976353889,May Consider
144657954160,Consider
98716597828,Consider
488892486141,Consider
194136207018,Consider
746046712874,May Consider
588977623398,May Consider
911235312488,May Consider
759019440499,Consider
401345551504,May Consider
190109803061,Not Consider
707835144849,Consider
395109736442,May Consider
158056450193,Consider
622187652954,Not Consider
346093731313,Not Consider
784172897413,May Consider
405325421307,Consider
53643656114,Not Consider
680867466455,Consider
110159852339,May Consider
88100647046,Consider
269754908586,May Consider
909140628835,May Consider
700786859795,Not Consider
456008836403,Consider
865968331486,Consider
719161259297,Consider
912414445813,Consider
202815691983,Consider
347564541452,May Consider
832190697912,Consider
329666179327,May Consider
388468801351,Not Consider
811106023396,May Consider
999274651824,May Consider
598299929143,May Consider
978103628851,May Consider
833310339547,May Consider
785952730238,May Consider
113163336381,May Consider
181027027709,Not Consider
299434720806,Not Consider
154579858150,Not Consider
342636331048,Consider
27574748946,Consider
165953328399,Consider
936942037886,May Consider
786783610739,May Consider
782872430797,May Consider
571254310330,May Consider
779105604990,Consider
438510201021,Consider
863912586055,May Consider
283278332585,May Consider
35948071607,Consider
145333620303,Consider
899992717939,May Consider
204466534605,Consider
394575261881,May Consider
453956657550,Consider
456442394463,May Consider
542080087131,Consider
713838443584,Consider
360644564454,Consider
727700269331,Not Consider
295899950015,Not Consider
681422018340,Not Consider
887481680340,Not Consider
198184581169,Consider
915509835920,Not Consider
410480625650,May Consider
557901527360,Not Consider
868033427034,May Consider
335811165506,Consider
24562410642,Consider
654456152711,Consider
145674269282,Consider
112114028538,May Consider
612562523191,Not Consider
607609768126,Consider
920314534799,Consider
45093558507,Not Consider
674709385413,Consider
986412448802,May Consider
644828143450,Consider
511096000511,Consider
326093367131,May Consider
340229837370,Not Consider
483145941073,Not Consider
694724846564,Not Consider
76006135650,May Consider
575275436844,May Consider
706139970339,Consider
58332002504,Consider
959365848540,Not Consider
640511962823,Consider
556125404775,May Consider
676984569149,May Consider
160762052846,May Consider
44558596281,May Consider
742485967398,May Consider
517673141446,May Consider
42161109620,Consider
128561759609,May Consider
579561751086,Consider
347972910387,May Consider
662071844548,Not Consider
79556710206,Not Consider
532821286258,Consider
722063876414,Not Consider
456977493268,Consider
384667923876,May Consider
600472358414,May Consider
410962058745,Consider
745099436703,Consider
798566568507,Consider
525048836143,Consider
719008907953,Consider
108064597901,May Consider
924923481134,Not Consider
303143778264,Not Consider
360111243833,May Consider
507807374862,Consider
197166569489,Not Consider
841341765806,Consider
954919409112,Consider
204043696228,May Consider
384671717360,Consider
892536301767,Not Consider
754076907148,May Consider
151913589436,Consider
747586722434,Consider
599200762312,Consider
892869729072,May Consider
579895818763,May Consider
616808014062,Not Consider
68814378086,Consider
339049050045,Not Consider
874856186936,Consider
485200229425,May Consider
411527507530,May Consider
708296314863,May Consider
734098836435,May Consider
661969050622,Consider
581283333381,Not Consider
290745163604,May Consider
783547946133,Consider
164167962634,Consider
178995458106,Consider
957169467950,May Consider
506694582344,Not Consider
797640230039,Consider
100014541424,Not Consider
94892865662,Not Consider
380701635544,Consider
314266888749,May Consider
537999222731,May Consider
361169629046,Consider
574067577961,Consider
123213052159,May Consider
393439472178,May Consider
835732642190,Not Consider
424507287289,Consider
280933942995,May Consider
577463903632,Consider
104399351797,Consider
186216321870,Consider
388023253269,Consider
50194404376,Consider
912071766159,Not Consider
212442774697,Consider
580556396974,Consider
687795445132,Not Consider
286162099932,May Consider
822298430685,Consider
19401279664,Consider
233496861698,May Consider
450420813418,Not Consider
589999044773,Not Consider
153040185534,Not Consider
655253363668,Not Consider
424339199871,Not Consider
690231193737,May Consider
557766070540,May Consider
206334955080,Consider
934743885970,Not Consider
235101062326,Consider
343687140027,Consider
365027162880,Consider
153896165332,May Consider
246128302171,May Consider
955793814679,May Consider
615751085647,Consider
822353910039,Consider
19005809423,Not Consider
696412719823,May Consider
726297502675,May Consider
515049778115,Consider
159354395992,Consider
448692320990,May Consider
774501004543,Not Consider
165484156540,May Consider
494458642843,Not Consider
890335226702,Not Consider
682563597252,Consider
475626925504,Consider
398978539902,May Consider
952612853650,Consider
428369736281,May Consider
508067314108,May Consider
811889092419,May Consider
401767833223,Not Consider
420517829037,Consider
582146585931,Consider
367407727556,Not Consider
198230347576,May Consider
747425428963,Consider
577253299554,May Consider
614427604101,May Consider
723644819459,May Consider
140749180175,May Consider
884156447629,Consider
256982083869,Not Consider
56523296176,May Consider
529492362314,Not Consider
539197143341,May Consider
712524258493,May Consider
224412999023,Consider
3556297150,Consider
526354710003,Not Consider
55312410544,Consider
763784651800,May Consider
854124631363,Not Consider
838648067900,Consider
588950737719,May Consider
978419840554,Consider
113151901960,Consider
653029349663,May Consider
875141960484,May Consider
2894859462,Not Consider
675361416349,Consider
891871163442,Consider
34966906632,May Consider
149829317712,Consider
653539328147,Not Consider
519344991046,Consider
534513153333,Not Consider
47888386623,Consider
91545304515,Consider
152432741814,Not Consider
468433288703,May Consider
762096897018,May Consider
539342857864,Consider
954009581642,Consider
563020916656,May Consider
428845085662,Not Consider
280484805350,Not Consider
319380855027,Consider
734650333196,Not Consider
935034912633,Consider
194872854359,Not Consider
567851510923,Consider
59933521427,May Consider
824137222832,Consider
338242398280,May Consider
707351887645,Not Consider
440706238248,Not Consider
921499357449,May Consider
324706986041,Consider
352838560877,Not Consider
79962454809,May Consider
137064024431,May Consider
509829321423,Consider
48134821402,Consider
124114233931,Consider
525729734471,May Consider
789068842024,May Consider
566070258579,May Consider
472462459658,Consider
963904417505,Not Consider
550088313733,Consider
243224297314,Not Consider
806520605621,Not Consider
735372781767,May Consider
947285153335,Consider
43274340684,May Consider
349842933541,May Consider
910419748773,Consider
203045601135,May Consider
836893440358,Not Consider
733264816217,Not Consider
649221633043,Consider
82602897330,Not Consider
336339041843,May Consider
610972092391,Not Consider
463837211232,May Consider
38013406008,May Consider
229318324492,Not Consider
349573029916,May Consider
32701592181,May Consider
771647447363,May Consider
319412252213,Not Consider
195355039425,May Consider
377345546083,Consider
130724173761,Consider
899284633297,May Consider
814165941585,Not Consider
83133584604,May Consider
311803201692,May Consider
158098712146,Not Consider
993866898581,Consider
774134323115,Consider
327777743727,May Consider
156008312064,May Consider
601062743423,Not Consider
236806948112,Consider
569797667433,Not Consider
786286728829,Consider
591822577783,May Consider
428007867994,Not Consider
82682859248,Consider
189601072089,May Consider
990361752989,Not Consider
99892231152,Not Consider
864770664484,May Consider
285135515904,Consider
270163941310,Consider
927604923550,Not Consider
101774028150,Not Consider
439712326919,Not Consider
498779705643,May Consider
835225921940,Consider
749109215463,Consider
808754335364,Not Consider
940546247154,Not Consider
681255955410,Consider
288285314717,Not Consider
551878488370,Not Consider
550730347238,Consider
586997664664,Consider
800330345386,May Consider
951104878027,Consider
940104442375,May Consider
969508540865,Not Consider
722861858306,Not Consider
441111194623,Not Consider
940723950121,May Consider
775371878697,May Consider
787292006921,May Consider
698658024628,Not Consider
861681045674,Consider
502352579967,Not Consider
668790930683,Consider
232255375850,Consider
887868827881,Consider
343074433926,May Consider
824014168709,Consider
363336237585,Consider
845296679586,Consider
188176550048,May Consider
840233200550,Consider
96648752027,Consider
733256211125,May Consider
285976141678,Consider
374390856270,May Consider
140272822312,May Consider
6644527033,May Consider
71485864654,Consider
421735950313,Consider
254613750367,May Consider
581009552262,May Consider
49703840984,May Consider
221074728505,Not Consider
184919330505,Consider
928389960885,Consider
646414714551,Consider
577309144496,Not Consider
663313265637,Consider
433779837650,Not Consider
624310847117,May Consider
761815001650,May Consider
354032485823,May Consider
390056584035,Consider
3062623165,Not Consider
437345774496,Consider
159501362564,May Consider
623467654715,May Consider
419037445301,Consider
246530549577,May Consider
5071494617,Not Consider
762280025483,May Consider
513687012143,Consider
801667803773,Consider
76700291442,May Consider
587953927665,Not Consider
249193189071,Consider
818398865640,Consider
498537636218,May Consider
741210454269,Not Consider
15782778432,Consider
46978594256,May Consider
606335027901,May Consider
294619808640,Not Consider
17191857534,May Consider
472242513779,May Consider
297786496238,Not Consider
348845566527,May Consider
699080677767,Not Consider
977003637269,Consider
422356536590,May Consider
861437690077,May Consider
919770704360,May Consider
293494148973,May Consider
810845087588,Not Consider
375074761636,Consider
153495061464,Not Consider
603600238775,Not Consider
338885200685,Consider
176414145505,May Consider
263424770804,Consider
591021414381,Consider
368764319507,May Consider
687216091375,Not Consider
285052709256,Not Consider
97117885393,May Consider
20405237027,Consider
566166101449,Consider
220088022230,Not Consider
787093011322,May Consider
985038381322,Not Consider
82827107827,Not Consider
56833968176,May Consider
394290261361,Consider
14041948555,Consider
814411666052,Not Consider
105092192206,Consider
177766988667,May Consider
790622432544,Consider
611570963004,May Consider
261957202619,Not Consider
201940277814,Not Consider
623452536988,Consider
81156745729,Not Consider
9434728569,May Consider
926982778756,Consider
289079532716,Consider
541918744343,Not Consider
785638026341,Not Consider
384779330426,May Consider
393862007062,May Consider
523358659412,Consider
868387030996,May Consider
907638033878,May Consider
826388239886,May Consider
398469734328,May Consider
63354433312,Consider
975582049930,May Consider
227775309934,Consider
667848067939,May Consider
298474456430,Consider
252931589248,Not Consider
919942205987,May Consider
745670436848,Not Consider
692149216202,Consider
296017798808,Consider
400897085711,Consider
837290510121,Consider
784858827423,Not Consider
731253807679,May Consider
341272713721,May Consider
643713753051,Not Consider
402100781976,Consider
926420156317,Not Consider
997790100564,May Consider
179968602262,Consider
51155374229,May Consider
307905505250,Not Consider
97025893006,Consider
952399722996,Consider
844993671422,Consider
512775607901,May Consider
536803671319,Not Consider
104166572649,Consider
693714778643,May Consider
506926750390,May Consider
702725300804,Consider
908738880611,Not Consider
907220108144,Not Consider
649212733293,May Consider
803803433762,Consider
167937703499,Consider
412401825748,Consider
436316802749,Not Consider
393851565151,Consider
654079392370,Consider
503943652899,Consider
324273280728,May Consider
164233665598,May Consider
725036657345,May Consider
419902054270,Consider
589926357626,Consider
168770172086,Not Consider
636539675392,Consider
61556415441,Consider
669245877677,May Consider
873043229715,Not Consider
877797401928,Not Consider
861587203892,May Consider
789303459156,Consider
808038477886,May Consider
64527121503,May Consider
145460832717,Consider
996844398830,Consider
152006698880,May Consider
537738330577,May Consider
327971289815,May Consider
878774315106,Consider
264623613914,Not Consider
837124704909,May Consider
940207607131,May Consider
368511555458,Not Consider
53971615767,Consider
644675552926,Consider
791788050763,May Consider
37040026297,May Consider
69562120624,May Consider
627126450203,May Consider
539020642354,May Consider
178629183000,May Consider
383563382366,Consider
845125826287,Consider
551721339955,May Consider
818570992481,May Consider
647592732142,Consider
42503054048,May Consider
249740577860,May Consider
493916841544,Consider
193878844451,May Consider
180780244094,Not Consider
14819540502,May Consider
288079612832,Not Consider
687293662063,Not Consider
42078957665,Not Consider
374217990619,Consider
136299259806,May Consider
628699968298,Consider
587829950558,May Consider
399625373601,May Consider
861353080115,Consider
960255357414,Consider
31202155998,Not Consider
168187574557,Consider
747524512958,Not Consider
129758667862,Not Consider
257925303435,Consider
692052143733,May Consider
715727177269,May Consider
233820406680,May Consider
313187765001,May Consider
938654403482,May Consider
323813844891,Not Consider
278584246685,Not Consider
161549403873,Consider
436038064887,May Consider
883482465689,Consider
171921263369,May Consider
822316953337,Consider
485823819031,May Consider
958824585676,Consider
792464669185,May Consider
284587422667,Consider
191009436370,May Consider
391444094319,Consider
368547672195,Consider
314172177929,Consider
346605982294,Consider
783207097159,Consider
444052611523,Consider
378873215608,Not Consider
738184215360,May Consider
60066447468,May Consider
908374541299,Not Consider
439090113607,Consider
546726265604,Not Consider
339037458225,May Consider
924148125081,Consider
277494023950,Consider
367747313541,May Consider
825283942435,May Consider
99081782508,Not Consider
374513611190,Consider
818473052110,May Consider
877406681110,Not Consider
917188438079,Not Consider
75634670711,Consider
828928442294,May Consider
696409127780,May Consider
269897317540,Not Consider
942023649530,May Consider
491113754566,May Consider
317448058533,Not Consider
908976929530,Consider
727742831162,Not Consider
775014362762,Consider
713359505096,Not Consider
780894421989,Not Consider
384832861746,Consider
511010807219,May Consider
855083634189,May Consider
496181763785,Not Consider
861796095298,Not Consider
785326223695,May Consider
516494098463,Not Consider
637574746531,Not Consider
231521727832,Consider
298468330457,Not Consider
459771314425,Consider
217135959131,Not Consider
861452437913,May Consider
296193567738,Consider
392341157178,Consider
355268194663,Not Consider
921798544483,Consider
398341259356,Consider
747533501881,May Consider
173470041769,Not Consider
516865253652,May Consider
22956203146,May Consider
908498306519,Not Consider
967881033665,Consider
120064793306,May Consider
131437792259,May Consider
968548955183,Not Consider
962108350843,Consider
794944192672,Consider
705025096908,May Consider
500986256459,Consider
325523336121,Not Consider
892566712790,May Consider
703746510936,Consider
97588658605,May Consider
687160391713,Not Consider
529842887250,May Consider
256033687434,Not Consider
627337316047,Consider
75547031851,Not Consider
173914777164,May Consider
480519602140,May Consider
